motivo,confirmado,rol,nodoInicio,nodoFin
Some lose answer involve represent leader year. Consider local magazine sort water serve budget.,false,Presentador,3932,4910
Later one month growth start make. Maintain but debate.,true,Expositor,3519,4930
International debate though option these. Financial class entire figure. Attorney entire try PM.,true,Presentador,3753,4873
Professional wrong condition. Happen relate project.,false,Asistente,3974,4938
Fast city great. Way term amount like whom system away. Until issue score market head.,false,Facilitador,974,4953
Spend together summer enjoy they course. When own smile citizen appear person energy.,false,Voluntario,1040,4900
Point these night stuff life relate meet.,false,Asistente,3943,4910
Develop population month name poor recognize. Student wish peace decade so decision.,false,Asistente,1660,4916
Community hour news because. Production own himself use instead too.,true,Presentador,836,4921
Short city oil computer then. Political weight player paper have. Someone argue role whatever poor.,false,Organizador,230,4867
Condition clearly whose share phone mention. Find ready break part term concern few.,true,Presentador,353,4862
Fact lead remain key keep next resource. Second official significant glass.,true,Voluntario,3696,4928
No bar black television very father sport probably. Huge quickly part wear walk game keep.,false,Voluntario,4021,4884
Season high yourself responsibility join. Build place stand step across. Add group since soon.,true,Presentador,2634,4865
Claim save scientist off. Financial high cell war check. Girl something necessary role tend.,true,Facilitador,1737,4903
Travel reason little executive enter former. Go magazine clearly rule sense. We agent yet various.,false,Organizador,3211,4930
Feel author issue one TV already space. According degree consider eat. Country capital speech him.,false,Presentador,220,4946
Imagine mission vote truth order. Onto wind then technology. Team adult board among mission.,true,Organizador,3085,4910
Hundred every check reach management type. Bag task full or significant land. Worker we it loss.,false,Moderador,692,4858
Old alone dog require. Less audience cover. Before see thus chair plant smile.,false,Presentador,116,4953
Reality note director recent reveal world. Trade arm through these.,false,Asistente,1737,4897
Drive structure report through own. International race consider none couple.,true,Voluntario,2664,4944
Trial result new. Commercial trade customer anyone business.,false,Panelista,3779,4859
I policy everybody often. Be practice rise west focus world already cost.,true,Expositor,1064,4867
Cold PM majority technology million. Get cover people doctor.,true,Moderador,3806,4942
Pressure others offer environmental. Probably some wall to Democrat beat. Natural couple wind.,false,Facilitador,4197,4916
Sister radio authority everyone beautiful policy. Financial ball ask young remember voice economy.,false,Asistente,359,4893
Your resource well woman challenge you behavior.\
Site common letter view cut. To plant go.,false,Voluntario,4038,4954
Accept drive party very study through leg. Policy himself will have Congress general.,true,Facilitador,2148,4948
Play food record simple. Ahead where customer arrive. Start economic education personal raise.,true,Panelista,2214,4897
Capital since across practice near front page. Beyond answer difficult seat machine.,true,Voluntario,1688,4887
Improve brother treat four owner place star. Material sister development food difference.,true,Presentador,4163,4910
Short national with especially among where. Determine condition go management.,true,Organizador,84,4960
Dinner class situation sense. Of take strong wind bit.,false,Orador,1627,4914
Population pretty where. Short describe direction statement.\
Friend beat fly.,false,Organizador,2112,4961
If there high. Option account grow level coach.,true,Orador,4481,4963
Both heavy finally force budget house even.,true,Presentador,4105,4926
Whose position score. Describe especially use chair character east fall.,true,Asistente,1441,4933
Fast follow from price community item score page. Course produce near.,true,Facilitador,4389,4961
Teach modern school fine. Part section information keep business difference color.,false,Expositor,4326,4876
Own course focus finish alone join. Piece his trip market tell million.,true,Orador,3836,4865
Record mouth wife. Miss across spring wear better.,true,Presentador,436,4964
Ok when such. Party recognize these. Herself member child bit.,false,Orador,1005,4893
Art save whatever force. Day southern note speech child.,false,Asistente,2847,4925
Right community second. Couple order party record size.,true,Facilitador,3641,4908
Pay consider before challenge three project because attorney. I per television bag authority by.,false,Orador,3388,4903
Ball consider consider purpose quickly. Song arrive could black full push kid recognize.,true,Presentador,3474,4936
Certain government scene bed chair director. Learn smile of.,true,Organizador,2316,4855
Without fire pass should. Grow provide tree central represent understand spring.,true,Presentador,2167,4899
Change best important a receive treat. Whose bring sort.,false,Facilitador,2594,4932
Example strong forget part tough. Agency sense business east know.,false,Presentador,250,4967
Best eye bank structure skill. Door wind half news son option Congress.,false,Patrocinador,4135,4896
Discuss individual to arm. Become note your institution itself.,true,Moderador,1211,4863
Military move office news mind. Edge practice glass miss seek season debate.,true,Panelista,1866,4917
Exactly building real. Fire send quality set system year everything. Win conference series.,false,Organizador,3050,4910
Significant support why certainly maintain science improve. Phone special final offer.,true,Facilitador,2165,4964
Over magazine strong yard debate successful. Major answer turn receive same itself field.,false,Panelista,1030,4863
Heart another remember off. Involve business respond. Garden kind make entire north.,false,Organizador,1231,4917
Loss professional contain worry free whom view arm. But be you without west agency simple.,true,Facilitador,1983,4904
Economic wall deal politics then. Quality leg product behind.,true,Asistente,3157,4962
Less laugh politics notice street. Notice world economic four cold third.,false,Orador,2542,4919
Along develop program. How adult manage turn.,true,Moderador,937,4889
Attention buy yourself usually. Two step air growth rise rate foreign.,false,Orador,572,4937
Old friend professor central group case crime bill. Surface road room provide energy.,false,Voluntario,3533,4931
Sing hospital at play expert ahead. Bar now turn west.\
Often buy discussion letter.,false,Moderador,3789,4910
Reach security bag fine perhaps finish. Career sort technology end free we. Best tax indeed.,true,Asistente,4184,4854
Off myself case music quite business. Song beautiful serve behind begin.,false,Presentador,2464,4870
Owner something employee family near husband remember. Together cultural woman tend article.,false,Voluntario,3285,4865
Again yet reach work. Experience bed difficult space peace coach particular.,true,Asistente,3346,4899
Individual present lot fall. Sure some commercial itself crime debate population.,true,Panelista,2263,4886
Left fund return trial form huge.\
Various position partner price. Century hit once media finally.,false,Asistente,3821,4887
Discover he four. Seem realize turn control time chance less southern.,false,Presentador,325,4948
Few nice among send leave cause. Though lawyer son.,false,Presentador,1112,4855
Hard society music add build choice. Subject camera me if look.,false,Panelista,1532,4964
Similar important father record stuff heavy foreign production.,true,Moderador,3140,4874
Raise power blood just.,false,Facilitador,299,4968
Local more whom today. Only light trouble reach street talk. Media before feel structure.,false,Expositor,3941,4945
Discussion line sure she put over under month. Nothing media maybe trip.,true,Orador,2366,4914
Control father interest learn fly. Where fine upon than. Community him again eat though.,true,Panelista,2708,4950
Administration right book enough top. Think picture care religious stay turn.,false,Organizador,1638,4891
Son report position wall believe. Fear yes claim better bag. Make much above difference.,true,Organizador,164,4897
Education change north good take professor. Soon nation few hear wind hard. Work us there happen.,true,Presentador,196,4947
Pretty above clear. Million deal a music.,true,Voluntario,813,4911
Allow through pay some policy real. Watch player trial. Small ahead deal reveal.,true,Orador,2458,4900
Nor my pick miss people. Hot staff five despite line your.,true,Presentador,1199,4864
Customer if painting money do pay. Quality hand strategy.,false,Panelista,2168,4927
Much off statement similar. East song who. Number main staff require forget.,true,Moderador,4026,4933
Design cell financial product check one again. Ten government military PM political during.,false,Presentador,3119,4925
Their sea change other appear cost language. Eight thus them tell despite American.,false,Organizador,1335,4944
Condition threat common tough for. Exactly mother together because according.,false,Moderador,680,4879
Over degree without. Hundred center speak feeling believe both.,true,Organizador,3763,4866
Would rise song. Eat keep street show start hair.\
Write land member trip itself car behavior.,true,Organizador,2848,4927
Center rest sort red easy.,false,Organizador,1876,4850
Third father girl suggest. Arm thus save go issue part. Cut check fast ever girl.,true,Asistente,3345,4855
You last allow help. Site interesting car none safe. Garden such animal project.,true,Presentador,1943,4882
Owner government third three support imagine. Several determine their might where.,true,Organizador,1861,4897
Serious resource television sense start management voice. Support politics training build for.,true,Moderador,2050,4925
Though improve simple later indicate trip race. Page leg value practice.,false,Expositor,263,4923
Born public key gun increase. Industry responsibility bank set with wonder possible cut.,true,Orador,2962,4910
Population old soon from her collection occur small. Wide meeting difficult off.,true,Patrocinador,3787,4914
Particularly sound smile set. Institution walk firm decision seek that.,false,Panelista,307,4952
Hard position quite magazine. Clearly city force phone admit yeah.,false,Patrocinador,58,4855
Generation him identify on. Concern down year source.,true,Moderador,2108,4895
Early interest doctor point believe. Big ahead defense control politics mean.,true,Moderador,44,4887
Himself subject task use push become option. Hear back like today prevent article clear.,false,Moderador,1268,4862
Whole fine response box body. Nor record government board at happy skin pay.,false,Orador,3843,4932
Time fire by prepare. Eight maybe teacher tree feel. Attack style would there turn prove.,false,Organizador,3976,4952
Bad among fire. American last become enough. Mother serve measure left allow establish.,false,Facilitador,314,4931
Star list serve accept at lay ago. Young require movement suggest full choice perform.,false,Moderador,4414,4905
Service book measure hope. Father game quality visit where anyone.,false,Patrocinador,4186,4884
Black use lose move mouth leg learn. Find evidence professional whatever. Final offer mind foreign.,true,Voluntario,1002,4882
Full TV at nation boy health. Listen discuss soldier together. New involve about model study.,false,Organizador,948,4896
Create final close beyond decide level positive. Unit new race instead several.,false,Organizador,626,4865
Home its meet that possible education charge.,false,Expositor,3441,4892
Quickly event age such simple free.,true,Patrocinador,463,4937
Return buy during buy hundred long policy.,true,Voluntario,1024,4955
Across reach article week during heart either analysis. Hot bed maintain level letter.,false,Asistente,2483,4963
Black itself foot dream central appear indicate. Final product structure gas.,true,Presentador,2701,4943
Mother nearly child relationship contain whom. First plant center likely range throw.,false,Organizador,4333,4936
Size nature off guy education. Top them form Mrs.\
Three another run skin when want.,false,Facilitador,2736,4937
Treat trade clearly it father history surface. Product second do trip culture address either meet.,true,Moderador,2315,4859
Meeting positive stock prevent would stage.,false,Patrocinador,2190,4900
Difference citizen but. Continue professional address point clearly.,true,Moderador,4117,4958
Trouble both several white away TV. Front key add suffer. Scientist program number break line.,false,Orador,3836,4931
Personal black everything hand. Mind thousand join leader.,false,Orador,4144,4855
Coach none key good. Either year would. Word until far ability address alone project.,true,Panelista,1110,4922
Quite sometimes education some office lead. Tax hope participant today could. On suggest Congress.,true,Organizador,3226,4939
Might if as figure. Soon play later radio wind little set true.,false,Voluntario,4435,4931
Far offer four front student Congress hard reflect. Natural economy season. Fish smile newspaper.,false,Presentador,3330,4915
A even stuff role short carry. Office particularly and meet direction.,true,Orador,4000,4916
Party service radio believe mean activity word. Position example join break.,false,Moderador,3715,4886
Knowledge effort you nation arrive. Between remain per provide series care.,false,Organizador,3387,4887
Smile imagine energy enter best condition. Air really hundred store accept. Him clear through.,false,Panelista,3365,4869
Around party short including main than. In two expert major fine. Next five east economy black.,false,Asistente,250,4935
Tree today job parent reduce edge speech. Speech style student key certainly available happy.,false,Organizador,2421,4940
Mind yard write them help. Hour start general list view claim culture view.,true,Presentador,2907,4944
Structure you field nature. Whose include up always you notice plan.,false,Facilitador,4018,4855
Early last truth design state type on hotel. Early police list that still none.,false,Presentador,619,4924
Remember owner cause school and information. Easy eight include check medical either.,true,Presentador,3533,4890
Forget main cover answer. Popular that ok common case next. Happy can eight it.,false,Presentador,2960,4897
Old pick shoulder me. Medical natural strong listen peace place.,true,Presentador,3579,4955
Dinner term push according will than. Name local certain. Safe draw building list.,false,Panelista,2480,4967
Tonight painting item close threat without. Picture kind wide inside.,false,Moderador,3878,4948
Involve game share table throw everyone visit. Factor interest important north.,true,Expositor,2098,4958
Foot manager explain call forget. Both husband central deal several.,false,Voluntario,335,4852
General agent inside. Also hotel song music concern base. Out area success those give.,false,Patrocinador,1914,4878
However indeed left want final.,false,Organizador,2986,4953
National listen such four front ask. Occur soldier view attention successful group.,true,Organizador,454,4911
Style model anyone put word knowledge. Defense tend teacher key sell how partner unit.,true,Moderador,1496,4867
Own these method player. Debate live television one business.,true,Voluntario,4025,4868
Many four that if decide guess them. Right white week wrong. Shake positive military sing blood.,true,Patrocinador,2410,4930
Star loss candidate couple training per.,true,Moderador,761,4870
Rate think through film successful speak.\
Perhaps scientist lawyer into sort these law help.,true,Expositor,2001,4893
Become floor determine rather station so.,true,Moderador,1562,4955
Hour fine education team. Hand stay safe oil.,false,Facilitador,3371,4870
Short ball nice while. Eye term market film hair chance. Group reduce simple visit.,true,Organizador,3467,4883
Performance argue Democrat center already. Direction whole exactly kind about seek treat.,false,Moderador,934,4902
Kind drive memory hand charge. Success media growth. Personal federal condition.,true,Expositor,3162,4893
True child somebody. Later sound throw.,true,Orador,4211,4936
Standard whatever many father letter. Three full enter different executive soldier them.,false,Orador,2303,4967
Customer do court only agreement.,false,Moderador,1706,4937
Half guy happen himself require drive participant. Else see write ok.,false,Moderador,4123,4878
Could decade gas article hour behind. Visit reach task industry option.,true,Presentador,1126,4909
Detail everybody professional a collection follow. Son add protect.,true,Expositor,1470,4906
Note on oil lawyer run four occur. Sure alone accept ago.,true,Voluntario,1829,4878
Stuff type fall. Stay argue million positive read. Response order responsibility together.,false,Voluntario,1265,4879
Model president civil rise.,true,Orador,566,4892
View budget finally of involve rock. Alone customer in cover mean.,false,Presentador,1345,4953
Indeed wife produce. Identify sometimes here. Mention particular himself least.,false,Patrocinador,4327,4914
Memory body tough more everybody expect. Mission card do tax. On reality exist us.,true,Voluntario,2519,4868
Rock today gas create. Study million standard without girl quickly. Nature research first.,true,Orador,1721,4863
Clear rate teach expert start mother peace. Front then some.,false,Patrocinador,2518,4966
Scene argue recent security growth. Early example all college wrong carry marriage official.,true,Facilitador,3099,4934
Push scientist rock development skin accept growth dinner. Question partner service professional.,false,Voluntario,325,4863
Determine increase blue site. Behind yard Republican get that far member.,false,Expositor,1531,4956
These officer reach boy cover tree common. Ball audience television not generation simply.,true,Expositor,694,4962
Single than claim watch hotel black. Accept collection firm ability. Rise today three break radio.,false,Moderador,453,4965
Design force car. Nature leader marriage suggest turn.,false,Expositor,4480,4945
Force impact usually show. Site else nice debate activity voice plant.,false,Panelista,2446,4908
Lawyer body into experience follow. Later company first. Trade resource particularly radio.,true,Voluntario,3247,4918
Build carry center position price exactly stuff. Stand where whole reflect exist.,true,Orador,711,4871
Break two throw. Walk four pretty feel think. West region low long probably into southern that.,false,Patrocinador,939,4922
Like knowledge partner between admit central mission week. We red now rock office behavior.,false,Patrocinador,3949,4908
Money woman buy. Her significant central. Hold nor set.,false,Orador,3539,4907
Age road surface people two argue space. Run necessary standard church drive.,true,Asistente,1422,4896
Focus including before task. Right success note throughout.,false,Expositor,721,4910
Teacher us beat development couple network. Certain environment prepare spend century.,false,Moderador,4360,4899
Product shake enough investment. Common bed discover even. Style start magazine public either.,false,Expositor,2171,4907
Pass until true help. Rich which before customer.,false,Orador,176,4953
Recognize star alone project approach. Once perhaps material name.,true,Orador,3919,4881
For final black follow machine cold.,false,Moderador,2830,4860
Last concern everybody risk research general. West paper article campaign.,true,Asistente,3520,4916
Eye various team not sense. Their put last partner heavy generation order. Response level say cup.,true,Facilitador,709,4951
Interesting new talk position. Rich stand heavy successful writer.,false,Voluntario,2378,4968
Police specific human large station rule. Teach have role open participant always while.,false,Organizador,2957,4947
Stop begin cell attention deal nice. There sense everybody action enjoy then.,false,Facilitador,61,4917
Figure worry realize trial six though work gun. Within as hot camera store truth.,false,Presentador,539,4874
Reason line floor south month.,true,Panelista,3321,4896
Although expert begin peace. Town color both alone. Gun truth public have.,true,Presentador,3073,4949
Key country have majority beat represent. School effort grow heart.,true,Facilitador,3054,4892
Myself source represent we part. Field central people close common season.,true,Asistente,3455,4896
College recently compare have enough. Act modern be capital feeling end manager.,true,Expositor,412,4957
System himself safe place speech design. Bring energy read amount goal.,true,Organizador,146,4917
Star if travel time take exactly reveal. Power glass surface seem choice build attack.,false,Facilitador,4005,4898
Thought visit crime including discussion.\
Gun quality now seat general necessary huge.,true,Orador,1232,4962
Second build doctor plant ask environment probably. Necessary more of medical decade.,false,Voluntario,1580,4948
Off customer air over. Cover child ahead trip adult.,true,Organizador,1447,4962
Quite life offer. Out fly sport performance her its. Material agency stock gas nearly.,true,Patrocinador,782,4913
Simple growth success. Check person there current. Single draw coach group assume medical.,true,Facilitador,3031,4958
Physical back hope accept number blood trial guy. Turn let option.,false,Orador,458,4881
Analysis choose history amount edge determine.,true,Expositor,469,4905
Suffer majority detail yourself out discussion. Evening other maintain account.,true,Moderador,4358,4857
From actually bring manager. Social explain listen leave material argue.,true,Panelista,307,4968
Make recent space strategy lay. Will remember real kid subject rich.,true,Organizador,1066,4944
Here performance thing why. As test along art. Rate leave beyond large above improve.,false,Moderador,976,4900
Place fast suffer station exist opportunity often position.,false,Presentador,4095,4952
Risk must such rate. Management consumer hair their husband number health discussion.,false,Asistente,260,4914
Low health discuss physical car throughout.,false,Facilitador,2617,4873
Mean whatever play edge there. Fact build remain rule.,false,Panelista,3680,4864
Tax lay all artist suffer. Soldier fly painting worker. Week point morning young war carry network.,false,Panelista,3149,4967
Start practice friend trip.,true,Moderador,3367,4923
Learn school door. Challenge picture environmental nearly drop fact life according.,false,Presentador,2112,4953
Film over and every expert outside finish. Base summer thus. Main red entire bar leg hot.,true,Facilitador,807,4967
Next theory sort deal. Provide democratic public south opportunity.,true,Facilitador,3403,4905
Over energy red because still teacher less. Character image eight fish.,false,Panelista,1297,4911
Tv interview talk miss wrong. Scientist hear hot across turn.,false,Expositor,4092,4883
Stay cultural bar perform artist produce brother book. Prove order skill stuff important trade.,false,Voluntario,1440,4877
Sense nice indicate early young professor. Learn view impact television.,true,Presentador,4093,4928
Physical team mother. Newspaper to instead skill.,true,Voluntario,633,4852
But miss soon myself kind knowledge organization. He my lay place minute push security.,true,Panelista,1466,4909
Hour sort television focus maintain reduce. Evening third newspaper.,true,Presentador,3862,4930
Among give system voice old thought late. Message similar arm research behavior these team.,false,Expositor,2786,4914
Huge technology recently despite. East sell marriage page we.,false,Moderador,583,4864
Or say middle. Security among chair cultural drug. Ok onto turn than.,true,Asistente,3316,4888
Draw world radio after hot quite gas.,true,Panelista,1078,4897
Leader public here later professor almost.,false,Patrocinador,680,4951
Either save Mr approach focus step. Cost former late seek mother.\
Fight free relate together.,true,Moderador,2024,4884
Like view popular board card relationship manage. Develop threat hard produce later side power.,false,Presentador,1133,4879
Senior allow far save.,false,Presentador,3742,4896
Alone region weight positive leg. Free yard gun surface begin color standard.,false,Presentador,3600,4929
Always bad standard later.,false,Facilitador,677,4945
Continue but western. Moment upon strong able investment again smile.,false,Organizador,3180,4965
Long base give lot offer. Suggest blood hospital force cell. Choice current style media.,true,Facilitador,3229,4928
Prevent enjoy center wall. Party subject expert space network.,true,Orador,2224,4904
Occur society student five court human financial onto. Event team memory per movement writer.,true,Patrocinador,1385,4876
Could run nearly or finish increase. All argue whose ball.,false,Patrocinador,1988,4966
Hotel find direction those make buy. Apply full standard show item tell.,true,Organizador,2318,4916
Keep first executive buy toward on doctor. Somebody then in push road play. Free lay despite game.,true,Asistente,4027,4906
Take site start some than leader. Maintain test stay art school region lot.,true,Panelista,1818,4904
Money music evening drive today. Wife kid draw everyone our. Inside situation kitchen themselves.,true,Orador,1633,4969
Particular very significant at. Cost hot deep thing may red. Organization happy everybody.,true,Moderador,3496,4851
Manage add one western. Apply fast night deep. Environment carry position art choice sister.,false,Expositor,4325,4937
Back the actually response true. Price set within sit across either.,true,Moderador,2600,4928
Administration change pass. Recently hold factor. Thought able between.,false,Panelista,594,4902
Analysis live only anyone these few near. Attention clear poor collection education bad happen.,true,Patrocinador,335,4959
Common course trial wrong political. Really line up seek enjoy college skin.,true,Patrocinador,4057,4933
Option sometimes local. To world decade either special prepare one.,false,Facilitador,3328,4864
Statement seven audience TV. Through idea explain certainly order.,true,Presentador,3464,4860
Mention final thing among use. Issue language some bar director direction.,false,Panelista,1533,4933
Majority religious cup human environmental glass. Speech wall skin should physical until.,false,Expositor,3122,4969
Table door create give produce. Reason hospital system manage true hand fall.,false,Asistente,316,4908
Blood news laugh say. Itself billion piece rich. Down benefit chance again song lose eye.,true,Moderador,2258,4950
Service live music role outside marriage director. Baby rich local sea rise.,true,Orador,864,4960
Police unit somebody. Kid use half meeting.,false,Moderador,544,4954
Subject return city maybe. School pressure into scientist.,false,Organizador,3258,4907
Must spring end child next quite. Pretty well everyone tree rule.,true,Facilitador,3052,4888
Worry whose hot cup man.,false,Voluntario,2602,4906
World respond dog low order. Station case hit up.,false,Asistente,4091,4929
Like save possible rate finally goal.,true,Organizador,4361,4904
Discussion add head other throw job become. Sport white prevent skill team ok determine.,false,Organizador,3474,4899
Large the anything actually east commercial prepare. Science sound east resource buy wish.,false,Organizador,2546,4860
If customer for. Article certainly focus where soldier less.,false,Panelista,2408,4900
Spend have land take argue. Agency street bit hair across law.,true,Patrocinador,3101,4904
Responsibility may world tax particular recent. Job history fast win.,true,Voluntario,4446,4957
Better practice them religious life.,true,Orador,4119,4856
Which sometimes report since.,false,Panelista,1987,4877
Program look wear. To rather time factor. Case either fill may place upon.\
Pay treat line to.,true,Moderador,4216,4888
Pick it tree story sister collection. Seem away report moment fear visit popular.,false,Presentador,1865,4906
That red health range he image. Hair much thought scientist rise identify.,true,Orador,2053,4921
Police art still particularly piece any kind. Wonder you house tough under.,false,Expositor,4240,4961
Environmental town food east interesting form feeling. Camera near figure direction building or.,false,Patrocinador,2430,4888
Behavior activity teacher. Try often shake third. Difference from affect all deal help.,true,Panelista,1912,4945
Exactly identify business drug cold. Sure around seat employee system three open help.,false,Panelista,237,4941
Place every future real individual. Practice behavior represent century a modern physical figure.,false,Expositor,2195,4865
Reach nothing once party rock message cell. Part including lot score sport through save.,false,Voluntario,74,4891
Stock after her prove effect. Manage red fish establish sure age.,true,Organizador,2932,4850
List measure them. Per situation child tonight create marriage travel.,false,Orador,2118,4893
Wait better owner. Trial loss somebody seem fight cause. Not today market.,false,Facilitador,2030,4863
Forget cold party thought. Late sense day the specific company. Center wide computer view.,true,Organizador,3020,4883
Her have such soon off strategy.,true,Patrocinador,2780,4913
While night test bar born. Person concern interesting hold goal.,false,Panelista,489,4953
Medical control present step. Yourself evening soldier.,true,Orador,3656,4899
Year then manager enter. East today radio performance. Base trouble lead response indicate husband.,true,Moderador,1574,4896
Better your present mention month. Light suddenly arm catch.,false,Panelista,840,4944
Fact although no party sea. In up room no cover. Clearly court plan leave.,false,Patrocinador,774,4921
Yard stock not too. Test really current challenge mention.,false,Presentador,2587,4850
Describe language happy beyond. Daughter hand car short necessary car.,true,Orador,3921,4928
Keep strong effort leg couple exactly physical make. Ago affect contain fly.,false,Facilitador,4229,4962
Skill approach other another measure. Seek shake cup television.,true,Organizador,2431,4966
People energy fly all garden early. Where act data question over.\
I run family. Without adult down.,false,Expositor,2549,4870
Maybe tonight near player generation live. Know budget leg film. Edge technology once film pattern.,true,Facilitador,3102,4950
Western begin chair firm get fast. Involve likely individual your.,false,Voluntario,3047,4953
Simply performance thing back father.,true,Asistente,908,4965
Social close white itself already agent.,false,Presentador,3168,4955
Sign how whose interest. Possible seem because into discuss claim.,false,Orador,1320,4968
Look again space down. Crime model method task religious try us.,false,Voluntario,1128,4963
Set when work. Purpose do degree top will financial listen say.,false,Moderador,1113,4898
Ago certain image Mr leg should through. Religious technology young sing.,false,Asistente,1682,4855
Edge fly mission rather maybe. Pass every finish under result world bed.,true,Patrocinador,2849,4945
Clear stage popular growth market. Start own I something call field doctor. Safe by out open.,true,Expositor,4136,4943
Will white deal. Event expert clearly part soldier exist right.,false,Voluntario,3939,4870
Since around during power against. Give break offer. Our money six respond challenge few maybe.,true,Asistente,3775,4931
Whether above worker dark view along design. And piece gun difficult car center president.,true,Orador,3582,4931
North general point today left forget drive color. Color ability behind Republican kid spring.,true,Asistente,3000,4898
Business crime price. Stay pass dinner effort account.,false,Patrocinador,4323,4963
Second mouth identify. Choose plant street result program them beautiful movie.,false,Voluntario,2124,4889
Character although tend. Writer recent perform gun.,false,Facilitador,4344,4950
Sing structure he serious our. Experience site south close carry.,false,Panelista,2454,4938
Chance Democrat teach cover value.,false,Presentador,2318,4965
End many financial heart policy.,false,Voluntario,2817,4889
Address sell computer total though. Smile both compare he least dog.,false,Asistente,3981,4960
Brother military read by. Soldier religious tax general audience. Main certain only.,true,Panelista,3305,4946
Within seat put letter. No gas school see hand research.,false,Orador,3870,4853
Wait and ground our their trial. Sit write actually raise. Course final white. Safe last risk.,true,Patrocinador,3435,4870
Into soldier tonight let material case. Marriage card prepare room live.,false,Voluntario,1302,4969
Pretty with he describe.\
Field television lay team national those floor.,false,Voluntario,2756,4948
As month green structure watch cause summer. Film ten return admit. Far high treatment tax forward.,false,Patrocinador,418,4858
Face themselves perform.,true,Orador,3723,4851
Dream cold tonight western by toward. Forward truth customer general space wide role.,true,Patrocinador,3946,4888
Be conference prepare generation sell. Nor nature trouble sign end.,false,Orador,613,4905
Source reduce audience. Thousand agency cost hair yes popular individual.,true,Orador,297,4851
Material section yourself small sit travel. Get large box red.,false,Asistente,52,4967
Senior speak same television bed. Fast office glass serious because. Right position us.,true,Voluntario,1485,4858
Marriage character blue dinner. Establish sign four want TV chance always. Value knowledge role.,true,Facilitador,997,4874
Likely reflect fall way. Small use receive how support commercial.\
Figure conference young.,true,Facilitador,3136,4931
Me someone major exist simply pass even. Financial information blue situation.,true,Panelista,2770,4888
Risk movie stage bit its such piece. Religious rich follow management explain traditional decade.,true,Presentador,3250,4879
Network attorney quickly evidence television look some moment.\
Allow whom more pay second major.,false,Orador,2219,4968
Himself fine guess future. May age buy low police.,false,Expositor,1932,4941
Part view myself whom laugh education. Film involve great change common series any general.,true,Patrocinador,4017,4940
Accept sit themselves attention.,true,Panelista,4239,4916
Throw however box force film life. Seven everybody any manager pay.,false,Facilitador,1176,4925
Anything determine idea dark sit price half town.,true,Moderador,1966,4960
Laugh education describe. Media general possible identify them.,true,Orador,893,4913
Box recent situation your number. Story out response organization.,true,Expositor,364,4948
Floor different remain hard in improve. Chair nothing Congress century personal left.,true,Orador,2340,4853
Reduce we light article. Suddenly station notice all rate body particular political.,true,Orador,4235,4967
Four drug house project when vote. Place yes home fall consider.,false,Panelista,2230,4885
Lot president spring question fall especially painting.,false,Asistente,669,4937
Task help threat after. Factor full live spring. Nice stand let respond raise then smile.,false,Asistente,2908,4860
Drop ever pressure involve friend. My church trip what tree cut left.,true,Voluntario,4450,4925
Follow pay big garden.\
Parent community effect so. Pull indeed program visit above here student.,false,Presentador,1374,4890
Short improve budget very another lot. Before themselves option.,false,Presentador,3455,4952
Save quite note surface hundred few concern. Throw accept serve sport development very turn writer.,false,Orador,149,4854
Operation front serve even moment hot specific. Commercial relate yes world.,true,Organizador,3457,4856
Herself answer image set money. Radio place officer want customer move wonder available.,true,Asistente,2866,4884
Small everybody follow art better just answer speech. Six author step foot out by expert brother.,true,Panelista,1038,4924
Son along ground Congress war opportunity manage nearly. Camera finish PM oil customer recent me.,true,Facilitador,124,4858
Type certainly produce cut before join. Collection without every walk method option condition.,false,Orador,280,4904
Important again magazine such. Laugh as certain.,true,Presentador,47,4909
Success alone organization successful talk discussion soldier. Doctor first hour eat.,true,Orador,1583,4918
Reduce stage nor road. Ready thousand eight type accept my. Leader knowledge cold.,false,Orador,2330,4945
Back manager official health throughout investment wrong. Can dream but.,false,Asistente,198,4931
Three reach assume human. Spring friend none himself time nature address. Class Congress must.,false,Expositor,2748,4942
While imagine fact seven sound. Attention key hundred that still. Begin so beautiful store learn.,true,Expositor,490,4934
Need authority kid item teacher. Far cost fish Congress necessary.\
Ahead teach fast suddenly about.,false,Patrocinador,1156,4968
But him style force just whether technology action. Finally television car exist edge.,false,Patrocinador,2443,4850
Remain card skin change above energy. Rate someone per feel bank.,true,Voluntario,2900,4862
Anything have skin history trial. Provide information public bar air focus look.,false,Organizador,1093,4935
Shake matter type effort attack.\
Ahead from arm majority about. Send statement impact reason treat.,false,Expositor,1386,4894
Case away vote himself open. Hot friend war together look think.,true,Patrocinador,1447,4939
Thus most hospital event own especially view. Reason arrive face piece if make explain individual.,true,Presentador,548,4966
Everything seem simply year. Price would exist animal accept writer.,false,Organizador,2023,4964
Happy situation involve rather measure environmental seat. Turn him technology matter little.,true,Patrocinador,1306,4853
Movement member sense officer though start resource. Quickly appear what evening whole land window.,true,Orador,3815,4946
Business research development. Physical number which street.,true,Asistente,2727,4921
Itself low include front inside former anything. Pressure pull up choose collection me Mr.,false,Moderador,2511,4889
Across public than write thank. Machine idea simple state hundred.,false,Asistente,1236,4897
Class store carry dark such customer follow reflect. His miss six bank smile road they.,false,Expositor,4066,4964
Ready home attorney number enter item. Avoid discuss true water.,true,Presentador,1590,4966
At news score involve lead child law.,true,Moderador,3050,4917
Laugh deep trip man. Run bring spring able exist computer.,true,Organizador,1159,4907
Behind during bill ground miss call study. Doctor truth remain smile let.,true,Voluntario,3720,4855
Wife day process within how. Cultural it fast we sport place outside. Blue house last hit skill.,true,Panelista,2497,4909
Me term special nice answer land girl. Project poor trip do win.,false,Orador,1916,4929
Tough environmental card TV. Right account piece visit. Eat type change value meet nice director.,true,Facilitador,2719,4966
Issue conference too. Likely address hair.,false,Voluntario,4210,4934
Reality people role at fear trip air.,false,Voluntario,3136,4936
Range cover test education when. Administration movement why finish brother less guy push.,true,Facilitador,124,4877
Person can against must again. Travel project use foot.,false,Voluntario,3787,4874
Up board social again economic.,true,Presentador,1319,4869
Certainly find both somebody wait. Movie network yeah ten.,true,Panelista,4462,4969
Pass event score threat. Front professional stage reach.,false,Voluntario,613,4876
Increase author though interest. Everything treat public read. Yet almost role old career happy.,true,Voluntario,4492,4964
Similar top remember state would action deal. Health city word strategy stock majority.,false,Moderador,3487,4861
Daughter cover food large collection reach. Improve take why small organization decade.,false,Asistente,910,4922
Follow check chance along. Ball them player. Position move again decade wait blood Republican.,true,Moderador,2071,4879
Financial discussion affect source could. Politics against production note day here her.,false,Moderador,3138,4931
Recognize play attorney build. Beyond good camera treatment catch I. Scene despite special where.,true,Patrocinador,2669,4940
High prevent establish forget. Question sister rule staff challenge.\
Study next official wish now.,true,Patrocinador,53,4966
Store lot hit game. Begin heart structure.,true,Patrocinador,1408,4966
Agree back since. Level involve development with. Where these join.,true,Expositor,410,4913
Tree wait south owner social. Successful remain form.,true,Orador,1316,4928
Knowledge thought fly cup. Staff grow southern decision key early. Explain culture let fact those.,false,Orador,3847,4853
High forward right various claim understand.,true,Presentador,1750,4904
Under little maintain her business. Way none until necessary describe how drive professional.,true,Moderador,722,4922
Yet moment page raise someone within trip. Attention stop go my.,true,Asistente,625,4960
Value material successful month such his mission. Item share soldier despite claim.,true,Panelista,623,4931
Writer trouble moment it different quite bar.,false,Facilitador,1298,4952
Final laugh ahead member. Hold former cultural.,true,Panelista,2345,4891
Much I yet push. Same condition former notice. Sometimes sea name answer.,false,Voluntario,298,4959
Theory political woman trial election shoulder me.,true,Orador,4056,4852
World remember debate human require attack. Long knowledge wonder ever military near he edge.,false,Moderador,2378,4930
Body report discussion chair. Turn smile traditional seven but subject.,true,Facilitador,1449,4885
Fly pull decide miss once yourself serve suggest. Great order window do.,false,Asistente,2834,4939
Guess radio make weight. Here community us firm. Whether image writer when.,false,Orador,338,4865
Eat board career lot central. Blue now mention shake town.,false,Moderador,2466,4891
Writer school court along various. Physical several oil color top bad over rate.,false,Panelista,882,4937
Story TV walk thought.,true,Panelista,77,4864
Carry see finish while adult civil. Defense mission they admit write.,false,Patrocinador,1820,4925
Push door save view. After part ever moment order fear.,true,Asistente,3245,4872
Face condition administration course relate institution.\
Expect parent some music change.,false,Patrocinador,1057,4900
Agent life section form they join. Friend company within myself seek. Set note rate red require.,true,Patrocinador,1369,4886
West seven remain. Safe series scene radio at and push. Future office record suggest.,false,Facilitador,4245,4937
Power teach manager. Certainly personal response evening machine his other.,true,Voluntario,1579,4879
Eye TV arm discuss. Garden agency southern say. Theory specific too toward public sit.,false,Patrocinador,2496,4939
Mother executive present society station Mrs. Stage prepare chance then. Think company recent by.,false,Voluntario,864,4969
Side wear wait. Be where candidate lawyer. Bring write between western activity nearly.,false,Expositor,745,4916
Should item responsibility end.\
Minute however require wide idea gas keep thus. Only high toward.,true,Asistente,1457,4899
Foreign mean more. Safe step really cause strong. Thus ok story floor.,true,Orador,3889,4910
Son sea idea grow painting fill. Until garden go newspaper themselves. Share affect as song.,false,Organizador,2919,4871
Play crime million painting coach special too. Into contain able choose bar.,true,Patrocinador,4399,4866
Occur green attack professional worry lay member again. Enough kind participant next south by.,true,Orador,1558,4953
So meeting spring.,true,Expositor,2956,4954
Where become section southern quite less degree police. Feel mind operation try billion mother.,true,Presentador,2885,4942
Live send huge something. Step population really surface room base. House media high or difference.,false,Moderador,1968,4943
Dark look picture of. Guess discover special reveal parent.,true,Panelista,860,4892
Image risk blood door debate.,false,Presentador,1576,4923
Cost compare anyone case wear everyone effort safe.,false,Orador,3771,4926
Professional true major consider officer. Film pick figure man base such management.,true,Moderador,2110,4905
Imagine meet ever past security.,false,Voluntario,1150,4964
Pretty fund service million which. Including partner race challenge produce.,true,Asistente,707,4947
Pretty growth never happy through star special fund. In that hard two my.,true,Expositor,1557,4916
Exist mouth test involve marriage. Wall himself none. Blood central later point color.,true,Organizador,3223,4911
Memory doctor region box. Mention him compare recognize meeting leader.,false,Asistente,1896,4969
Country these conference lawyer performance close. Decide include yeah protect.,true,Presentador,836,4863
Ten charge themselves personal successful. Time talk good dog deep according.,false,Patrocinador,592,4938
Trip staff yes attorney. Mouth plan today win. Response tax instead here charge wrong.,false,Orador,677,4931
Offer bed chair rise. Believe culture eat history.,false,Orador,961,4858
Hope a increase address small believe as. Around mouth open.,false,Moderador,4227,4955
Capital more them do simple little Mrs he. Early network serve teacher. Knowledge ahead deal leg.,false,Moderador,4118,4865
Ahead effort source tree. Song where discussion training just.,true,Voluntario,1366,4854
Religious threat history our together hard news. Capital husband loss appear every look.,false,Presentador,3888,4964
Say serious four remember health. Quite perhaps make similar. Wife high bank nation record.,false,Orador,1371,4940
Military bad door all. Morning eight bag class. Appear evidence draw form.,true,Asistente,550,4858
Song trip stock structure. System him expert trouble development mother meet.,true,Expositor,64,4966
Key my agreement want. Red yeah may someone yet husband.,true,Panelista,957,4929
Ten American actually ago. Personal later campaign my new leave increase. Choice best others ten.,false,Orador,1875,4865
Third place team pass. For Republican we tax land author. Wait school boy say according generation.,false,Organizador,1043,4957
Tonight never there force. Lay very decide how behavior morning. Turn now rise.,true,Orador,3293,4941
So partner hold. Yourself article full wish by become. Produce here nor record.,true,Asistente,2824,4911
Ago recent college a guess training up recognize. Information cold any right attack.,false,Panelista,3018,4954
Tend for difference safe. Gas design cup.\
Sound follow either whole speech watch.,false,Panelista,2130,4858
Also eight wear police note.\
Officer majority boy. Middle any believe.,false,Voluntario,2184,4946
Later each meet decision.\
Whatever as response. Final speech size hot.,true,Expositor,2090,4856
Market never remember media deep buy. State sport letter well not next generation.,true,Expositor,1207,4867
Detail agency prepare necessary. Behind true throughout remember run choose.,true,Orador,3963,4871
Hundred start record admit film vote wrong. Soon organization director suddenly on part class.,true,Asistente,4078,4909
Everything shake hotel imagine into. Behind position environmental hundred table region prepare.,false,Asistente,1647,4946
News game picture future thing rock audience. Mother contain teacher condition measure.,true,Voluntario,2869,4928
Again actually pick debate. Plan blood know from ten father top. Information American should.,true,Expositor,3165,4904
Keep son rock must plan. Development hundred pretty the one require reality.,true,Moderador,994,4927
Before remember event tree along environment future.,false,Expositor,4298,4927
Hand west politics easy soldier decision they large. Speak drug but dinner.,false,Patrocinador,1832,4969
Operation kind however team down around. Health program same former government.,false,Voluntario,2235,4952
Commercial scientist others off information both. But war cover better.,true,Presentador,2304,4912
Position adult claim side. Local treat good month section husband mouth mention.,true,Orador,1974,4936
Even without although center too create. According toward as market strong explain year.,true,Moderador,3794,4966
Information quite city real yeah same. Those choice adult guess group fast thousand.,false,Voluntario,3142,4944
According me skin finish again act. Of himself left reason who sport.,false,Organizador,1478,4873
There positive now lay. Other start in better society upon. Same hot test.,false,Patrocinador,1242,4950
Fear rate south manager same. Election coach way pull.,false,Organizador,651,4864
Laugh drop matter manager president. Nor dark letter officer guy. Result board budget food.,false,Expositor,2242,4886
Firm single raise how. Career wall five. Building spring able blue believe chance girl.,false,Asistente,4328,4946
Kid figure key year reality him school. Member parent rich house maybe wide court go.,true,Panelista,1540,4962
Hard crime job social. Arm according him social state. Too fast win owner price up.,true,Patrocinador,1402,4915
Wait despite where first air fall. Nature name where condition democratic agent.,false,Orador,2304,4951
Listen should memory forward chance. Her once plant catch under.,true,Expositor,1264,4944
This real to. Area any join lot note. May mission expert return read yourself write share.,false,Orador,3678,4891
Social art student however. Federal investment discover.,false,Panelista,1314,4853
Than section away condition sister clear. Room wall tough himself.,false,Patrocinador,3013,4857
Doctor her enter member. Whom TV article role than loss. Pay fine commercial wall.,true,Moderador,2046,4888
Year paper alone successful anyone bed scientist. Involve off power serious per note wonder.,false,Presentador,2972,4937
Pretty wide with generation. Fall herself cell level natural not.,true,Orador,1773,4954
Record former reveal from not. Most bar one yet industry.,true,Orador,2938,4871
Order find say it recognize mean improve fact.,true,Organizador,1292,4930
Win reflect along change big wait. Be wrong listen tough.,true,Voluntario,2374,4925
Already simply agent. Why play get first economy key own.,false,Organizador,4476,4918
Strategy material my yet game event personal open.,true,Orador,3671,4882
Prove character same believe hospital cup. Discuss fact few career. Keep effort market southern.,false,Expositor,4441,4919
Single mission team mother adult. Foot senior cultural affect gas media.,true,Asistente,643,4929
History together not evening. Become table fight.,true,Facilitador,4331,4937
Suggest science notice tend through.,true,Expositor,2114,4901
Sign order apply them nor task sell. Firm the expert play anyone control.,true,Moderador,3348,4864
Yes race whom bill ago. Animal discover pull in.,false,Panelista,1322,4959
List eight recognize together alone his. That final participant interview develop.,true,Expositor,2196,4927
Shoulder would stuff however.,true,Moderador,1699,4921
Choose bit direction make tax out often explain. Hour significant share main account daughter.,true,Organizador,3031,4933
Bit gas on past. Exactly hundred example require member least.,false,Voluntario,1665,4927
Weight compare oil experience.,true,Orador,390,4901
High my ok open key Republican people give. Degree wear interview fast one.,true,Presentador,3971,4945
Provide happy politics wall know career.,true,Panelista,2052,4969
Not series yourself.,true,Presentador,3450,4894
They able arm left school.,true,Facilitador,3362,4940
Fact run crime when mouth herself.,true,Expositor,3560,4892
Skin he campaign could data tend table. Good example contain every spring your.,false,Facilitador,1808,4913
Personal research very turn. Effort not purpose majority beat common spring traditional.,false,Patrocinador,2650,4901
Them lose trouble community offer science particularly. Among concern protect occur.,true,Panelista,1792,4948
Southern blood position early. Wonder give small good.,false,Expositor,3523,4893
Drop against you form. Image field small house rock.,false,Voluntario,339,4883
Theory section high would author north. Democratic east admit surface enjoy production.,false,Asistente,1317,4851
Western actually job public. Agent final natural wrong woman. Hand back increase.,false,Panelista,664,4940
No usually seem. Nature coach education. Yeah into decision tonight responsibility speech and.,true,Orador,3454,4861
Should buy full into building. Goal decision commercial seven hard sign house loss.,true,Organizador,2816,4877
Very rather full town live. Character anything ever dark home. Drop most camera weight position.,true,Voluntario,2131,4961
Hope follow western rule their.,true,Voluntario,840,4961
Provide difference stage soldier loss stage chance have. Born else their factor pass skin.,false,Orador,2405,4929
Ten word lay foot main buy art. Mention family and food laugh eight skill.,true,Asistente,3005,4948
Per which avoid real star above. Growth special road.,true,Expositor,907,4920
Threat enjoy true important. Food try certain when perform bag argue career.,false,Organizador,3824,4872
Painting interest just else fall contain beyond action. Study general movie.,true,Expositor,1464,4943
Assume however high provide up alone risk. Doctor still enough rate. Stuff meeting color.,false,Orador,4047,4883
Coach eye pretty city son stand head. Avoid under follow nearly. Maybe best attack bar career.,true,Panelista,449,4870
Before bar same condition show pick. Turn economy party world senior visit lose.,true,Orador,3269,4915
Mother law spend just list. Democrat quite you far guess. Law bring most employee.,false,Asistente,3816,4915
Region anyone win area remember member. International those will road prove task simple.,true,Facilitador,1614,4873
Page store note choice your. Grow by high third hold bag.,true,Facilitador,2939,4904
Radio first arm available Mrs. Series market draw.,false,Patrocinador,3703,4948
Important edge happen space carry. Miss world American matter American beat.,true,Facilitador,506,4901
Hope heart us share. These necessary kind local wear. Everything message them similar safe along.,false,Organizador,3389,4945
Type common top. Great star sign term reduce expect.\
Girl care one measure. Story none gas perform.,false,Asistente,3003,4863
Statement apply these debate. Customer major eat black foot nature.,true,Organizador,3449,4850
Among free change policy. These quite whole indicate.,false,Facilitador,2373,4868
Force government treat according. Stage boy pattern. Tax early out.,true,Patrocinador,2341,4870
Best group happy. Number woman meet just our establish specific.,false,Moderador,2475,4923
Table quickly campaign small method wear speech. Site certainly there sense.,false,Orador,3243,4865
Course woman personal rest. Campaign add wish political training rise add just.,false,Organizador,484,4957
Few market visit ready gas past. Worry picture third be.,true,Facilitador,2251,4856
People college brother glass. Indicate board network approach shoulder walk team.,false,Panelista,324,4873
Someone practice civil bit. Recently spend site later those resource onto political.,false,Expositor,637,4860
Father anyone three ok. Enough ten miss man stuff.\
Nothing throughout argue social defense she.,true,Organizador,1565,4933
Particular hand color grow until. Young positive thousand organization want.,true,Orador,1776,4905
Particular eight civil her sell.\
Kitchen necessary manage. Smile street area popular.,true,Presentador,66,4855
Your before hundred how prove time meeting. Leave become meet data card describe process.,false,Moderador,701,4860
Current less think place. Two class check everyone community third general activity.,false,Patrocinador,2963,4892
Its music its oil. International next experience well attack.,false,Expositor,4427,4920
Relationship tend how measure just movie. Door lot wide sign nearly.,true,Expositor,2557,4897
Represent television wait big appear garden. That situation claim instead.,true,Expositor,385,4963
Finally local throw nearly whether. Building important act play sign area stage choose.,false,Patrocinador,3082,4893
Thought true modern already deal. Record night stay positive.,true,Presentador,2944,4940
Street minute who learn site phone Republican. Authority color must blood early.,false,Moderador,1169,4875
Have minute letter oil later guess. Green feel hand occur choice lose here.,false,Orador,3289,4961
Any loss PM ahead media rock country. Sound owner hot.,false,Presentador,1919,4911
Just occur bill keep fear very college. Husband and member drop board.,false,Asistente,1549,4949
Do charge manager go head.,false,Voluntario,1611,4896
Grow popular action yard field expert.,false,Patrocinador,1414,4850
Authority office research.\
Policy message suddenly meeting quite about.,false,Panelista,2260,4850
Talk upon else far record generation project. Chair data every no black economic.,false,Voluntario,2269,4885
Standard religious on opportunity edge. Understand man take in.,false,Patrocinador,3652,4856
Away where relationship contain similar. Up agency thought ever eight.,true,Facilitador,4208,4953
Model fund dark east outside to summer decision. Imagine coach follow this job.,false,Moderador,311,4873
Perform main state. Discuss ready physical space theory.,true,Panelista,3655,4894
Throw term skill contain Mr. Respond voice cup. Spring family continue central sit maintain.,false,Presentador,3579,4933
Type situation about offer radio rich. Entire information bag school middle.,false,Asistente,2164,4892
Hope system recognize factor policy environment. Baby authority season scene.,true,Expositor,2468,4914
Know weight former. Party everybody reflect then head during. Writer land tonight do.,false,Asistente,2052,4867
Attorney part hope born bed development animal. Central cell run. Experience stuff medical.,true,Presentador,1636,4853
Attention assume various. Level that space bad.,false,Patrocinador,3123,4866
Night democratic poor material difficult. Sound light skin understand fill.,false,Facilitador,63,4967
Send election yard next within. Happen office draw his. South yes wind property best.,false,Facilitador,3830,4863
End star material base across conference. Stop area attention might form race meet some.,true,Orador,1429,4875
Computer new strong against when final key recently.,false,Patrocinador,1592,4934
Draw buy member pass enter conference let. Artist bar deal middle. Actually share head case could.,true,Asistente,1919,4904
Community her although. Shoulder join space strategy ability most stop.,false,Asistente,2644,4965
Could decide city probably. Company per many low while.,true,Presentador,206,4871
Institution at quickly. Scene serve hundred large bar understand between.,true,Moderador,3613,4911
Bit argue appear adult around. Research need positive technology recent can create.,false,Voluntario,2499,4906
Skin player popular which. Management yourself new minute. Certainly enjoy hospital machine pay.,false,Organizador,3980,4877
More eight speech there already. Letter Mr public admit should tonight.,false,Voluntario,65,4914
Toward in energy discussion here my area. Have travel thing should identify skin.,true,Panelista,3083,4873
Security career product week sense. Let her art red start east. Respond film city carry interview.,false,Facilitador,2677,4962
Wear huge it laugh memory. Follow whether budget wish.,true,Panelista,2226,4922
Finish minute walk move decide open time.,false,Organizador,1449,4913
Close statement radio. Open almost book action after against need. Believe often allow simple.,false,Panelista,3677,4888
Science half six culture. Professional skin it somebody any.,true,Asistente,3885,4876
Another down state again. State build war sound decision spring. Than game plan measure sport.,true,Orador,1956,4860
Know push radio hand large. Staff central stay understand.,true,Asistente,3201,4919
Get during father. Boy economic help some small.,false,Facilitador,2009,4927
Yourself nation live myself. Future eat drop our quickly fill between.,false,Orador,1978,4937
Practice raise machine. Need thank officer affect minute.,false,Patrocinador,407,4885
Summer ago during poor myself degree. Collection help project security student effect.,false,Patrocinador,2209,4946
Study cold inside stay character medical work want. Standard finish class.,true,Asistente,1238,4933
Part near north into. Social miss would rise cell edge very.,true,Moderador,1995,4968
Bar range respond change week through.,true,Presentador,3558,4867
Face one ball discuss yard. Enjoy appear truth positive thank never.,true,Orador,3272,4944
Weight hard want trip. Wall maybe physical candidate tax. Work say husband society check.,true,Orador,3777,4857
Head agency election debate dream course environmental. Send either assume able need to trouble.,false,Orador,2425,4888
Environmental happen public evening summer. Dark system pretty attack morning member.,false,Panelista,2754,4893
Participant under safe add air can. Reveal around professional.,false,Asistente,3295,4905
Happen low trip. Order style reality according professional.,true,Patrocinador,130,4920
Until record page professor. Focus reveal white stand fill personal step.,false,Expositor,3187,4871
Ready number age religious play none. Treatment almost tree would. Tend notice partner.,true,Voluntario,2667,4958
Maintain fact build two true moment. While material rise.,false,Facilitador,4136,4869
Last firm kitchen commercial thousand night. Food meet boy shake sit year. About natural way fish.,true,Organizador,2795,4947
Real wear imagine simply. Office vote doctor alone probably something administration direction.,true,Orador,3938,4867
Sound other cell political question seem. Somebody provide course end teacher. Image result few.,true,Presentador,2741,4903
Determine specific read fund. Physical well head real. Environmental matter pick.,true,Asistente,1112,4917
Must environment word main. Center discuss speak out get. Of yeah partner nor role season third.,true,Moderador,4010,4927
Nothing simple identify green. Fund whose TV prepare statement.,false,Panelista,3598,4867
Claim sport child school. Window least meeting operation with because him.,true,Voluntario,1834,4918
Meet only it he. Interview once especially wall.,true,Patrocinador,685,4889
Edge nor similar name per policy option. Identify fall common fact.,true,Presentador,2796,4901
Policy note service prove everyone girl.,true,Presentador,3814,4905
Order difference total arrive. Recently Republican trip most.,false,Organizador,3896,4868
Conference marriage center quickly decision see.,false,Voluntario,3826,4906
Investment live high reach big political. Cut true red all.,false,Facilitador,2471,4913
Big different another entire.,true,Voluntario,1564,4866
Throughout example ago state interview such. Why resource development animal executive degree lay.,false,Voluntario,284,4913
Town at PM us discussion read.,false,Expositor,3431,4930
Get have hospital own. Pm hear relationship ever degree.,false,Panelista,997,4913
Sometimes again boy moment ball. Local hot discover bar window nearly serve. Training miss work.,false,Expositor,232,4887
Nearly less recent out or center. Assume miss family event. Media pull pretty about like.,true,Panelista,458,4920
Together morning become player. On environment what still that need.,false,Presentador,1896,4870
Citizen together within open himself toward interest. Kid party build six piece to produce.,false,Organizador,3636,4940
Sister hour remain team assume can wind page. Thus keep respond.,true,Asistente,3932,4865
Measure month themselves daughter. Toward deal pay second.,true,Orador,1164,4856
High follow become the assume. City catch candidate main someone decision again.,true,Expositor,4404,4883
Than old win. Station lawyer spend performance.,false,Expositor,67,4965
About specific heart commercial close medical.,false,Orador,3310,4956
Five support today investment he usually half. Treatment story side. Hand art born bed poor.,true,Organizador,1074,4880
National east visit look. Campaign believe industry their hope drop.,true,Asistente,4458,4866
Appear by point change rule tend blood. Identify or contain lose environmental.,true,Patrocinador,1380,4864
Over what above step.\
College view day economic institution southern star. Participant close bit.,false,Patrocinador,2524,4944
Already onto Democrat perhaps speech from carry. Career plan artist difference former unit others.,true,Expositor,287,4903
Tax decide well. Investment possible question second class.,true,Asistente,1448,4930
Audience eat trade.,false,Voluntario,723,4860
Foreign matter economy push strong behind. Very president save security impact.,false,Panelista,62,4935
Executive two lawyer nearly take organization.,true,Panelista,501,4889
Away thousand central sister. Interest focus wonder.,true,Patrocinador,1203,4872
Performance concern happen old.,true,Expositor,3059,4961
Reach eat she region possible. Significant cup but. Team step likely concern song send step.,true,Presentador,1669,4889
Network able seat answer past physical. Write speech glass together response commercial soon want.,false,Presentador,1648,4883
Tonight brother shoulder place require community race. Him they far consumer more under.,false,Voluntario,2491,4969
Order them specific majority campaign meeting. Company center respond.,false,Presentador,3949,4850
Threat family watch best. Quality lay left option.,true,Patrocinador,3678,4968
Stand interesting field imagine party writer gas. It name maybe task contain model research.,true,Facilitador,3558,4862
Environmental organization thousand network. Adult without cause almost college.,false,Orador,4179,4879
Thing to audience. Anyone political movie certainly.,true,Presentador,855,4965
I unit better. Probably few face recent military among whether white.,false,Organizador,3348,4953
Theory dinner community himself. Response two send prevent gun.,false,Facilitador,1073,4903
Evidence itself sign. Data radio we only size store cause.,false,Orador,2257,4879
Game table east official consumer consider. Inside tell more short.,false,Presentador,1841,4861
Very go last goal fight success watch. Measure country like sing.,false,Moderador,1159,4942
Maintain prove best life high. Thing probably certain those no news.,true,Patrocinador,1663,4957
Peace thank recently raise. Case hit pick. Sometimes fire write including.,false,Panelista,2094,4936
Recent whether name successful.,true,Panelista,4063,4866
Base really off although maintain respond.\
Choice change help so election might suddenly arm.,true,Patrocinador,2636,4869
Happy send reason system mission executive important. Mr could operation exactly mean per.,false,Orador,2533,4904
Event president away term between. Address view mouth.,true,Panelista,3214,4879
Son there bit goal be. Grow bank thus box cut. Science possible to soon in conference.,true,Organizador,2258,4947
Onto language they people score worker. Federal she suggest fast. Life make artist price stop care.,true,Expositor,4306,4898
Information soldier civil scene lead actually. Claim discuss assume event general chance friend.,false,Moderador,453,4857
Democratic perform word doctor. Remember whole language easy no all.,true,Presentador,2682,4961
Mission discuss machine tend hope. Impact continue western floor.,false,Patrocinador,3256,4953
Low particular place doctor western just. Hot still present apply out who.,false,Asistente,1264,4899
Maybe drug wrong political lot culture defense. Stop save song road late.,true,Panelista,2110,4943
Tell dark center act. Manager edge military today.,false,Asistente,3031,4904
Late admit term me. Probably approach charge court.,true,Orador,3731,4960
Key ahead marriage right value. Six technology pass building choice.,false,Patrocinador,1404,4903
Despite manager whole network money thought. Property remember like base year cover white.,true,Orador,2601,4928
Race even listen attention environment.,true,Expositor,2042,4881
Gun former hundred population protect above. Skill history early clearly employee future.,false,Moderador,3634,4922
Question statement opportunity still. Cut walk more authority teach teacher.,true,Asistente,2824,4912
Seek since man single. Note sport take mother beat why. Day rich eat quickly.,false,Organizador,1194,4898
While hotel people election. Particularly help soon fine shoulder right so.,true,Moderador,1786,4860
Region rate value Mrs three head. Government five society. Huge summer guess before.,false,Moderador,3988,4879
Each full cut physical back civil. Last interest grow series.,false,Presentador,3724,4864
Our have their. Wife my receive of leg.\
House media certain friend. Operation among visit stage.,false,Expositor,1971,4854
Condition join central support. Religious medical do month. Surface world probably.,true,Facilitador,2181,4874
Fast impact you region. Board much before present. Population five up true while.,true,Facilitador,118,4894
Read court if despite carry. Part firm animal laugh painting table property everybody.,true,Facilitador,3427,4881
Partner fire chair main. Church collection prevent side region practice.,false,Expositor,3855,4941
Law responsibility weight former ten your. Reveal various between light.\
Happen let tonight.,false,Asistente,3338,4859
Rule data why fast indeed. Expert music focus serious since play. Through significant its.,false,Orador,1928,4924
Pass example discuss about rock. Store east hear why action.,true,Organizador,568,4900
Word future keep audience piece word. While now whose.,false,Patrocinador,2907,4961
Need recognize candidate parent near film issue. Notice kitchen cover study age high south.,false,Asistente,1492,4918
Ever present southern night. Box page much pull heavy listen shoulder.,true,Asistente,543,4963
Speech two international often notice. Cut catch agreement phone security exist pass.,true,Presentador,719,4889
Phone quality wall author summer. Present theory least Congress conference.,true,Asistente,3557,4901
Back support send sure then. Good everybody sea medical feeling.,false,Facilitador,655,4864
Election someone with whom land. Month forget difficult attorney industry could.,true,Patrocinador,1025,4952
Become senior east add. Certain mention type foot.,false,Asistente,3190,4950
Effect them law. Part candidate need under order never our.,true,Voluntario,54,4866
Doctor trial deep book early indicate center.,true,Patrocinador,2128,4879
Surface player almost order success save seem. Listen bag soldier evening amount body spend.,false,Voluntario,1666,4931
Well together hold author herself wife. Note natural fear movement half control.,true,Voluntario,3688,4889
Job purpose style western road rich pressure everyone. In just behind measure project.,true,Moderador,1275,4875
Candidate media prove account. Open you agree.,false,Panelista,4330,4862
Nature decade vote bar. Letter field bad central. Happy reach challenge field measure.,true,Moderador,664,4901
Peace whole so table black. Room outside training success reason during.,true,Orador,1488,4942
Month leg them. Add site PM alone live.,true,Expositor,488,4913
Can guy culture letter real significant. History arm performance down collection security.,true,Patrocinador,868,4921
Field argue product hair idea. Every ground involve most product here west nearly. Lead PM worker.,false,Voluntario,3423,4906
Center point apply quite. Air sport person most community above.,false,Moderador,1150,4886
Visit show help recognize. Mouth produce respond animal land improve.,false,Panelista,2250,4922
Oil edge inside mind decide something. Mind each try power author series single whether.,true,Voluntario,2162,4957
Contain find operation whether success expect. Certainly husband across wish dark beat.,false,Asistente,691,4870
Form data movie candidate. Black shake trade design development change. Four moment these land.,false,Moderador,2334,4872
Together common public forget member message the. Step share price concern list method.,false,Orador,2176,4911
Wall computer part attention. Language once huge something know.,false,Organizador,353,4967
Hundred support determine sound.,false,Panelista,4453,4906
Own beyond me area maybe. Pay campaign career opportunity. Strategy on soldier.,true,Presentador,1207,4912
Charge box black leader have better executive. Develop north election after piece.,false,Expositor,164,4857
Several leg respond chance be election. Century left from power team difficult phone.,false,Expositor,1386,4883
Reveal any democratic daughter wear. Floor little office where book.,true,Moderador,764,4863
Discussion him beat away police trade. Media sign drop report manager left.,true,Panelista,1185,4891
Cold teach yourself politics follow exactly. Car glass figure dark.,false,Facilitador,2575,4861
So whose policy want. This direction perform next center clear fire.,true,Patrocinador,1875,4962
Word this various theory. Commercial federal military. Quickly south other minute follow address.,true,Presentador,2391,4951
Treat single across money.,false,Facilitador,973,4926
Federal what stay manage rate. Suggest board throw difference. Drop story sign gun out rest.,false,Presentador,450,4961
Simply sign control one ok development single experience.,true,Asistente,602,4920
Require begin argue reach left situation air.,false,Facilitador,3054,4929
National after civil southern player full them. Manager degree night.,true,Expositor,723,4858
Adult seek audience sometimes anyone visit.,false,Voluntario,3192,4959
Toward sound certainly PM would. Increase morning call tend successful. For suddenly role maintain.,false,Asistente,2461,4895
Method phone ahead country own travel. Situation themselves treat likely knowledge oil hotel thus.,false,Expositor,1014,4903
General often someone cover I. Hundred trouble free type evidence base worry.,false,Facilitador,708,4851
Indicate short dream throughout lead always modern. Decision class over interest.,false,Presentador,107,4923
Enough house realize series sit. Now between us. Cut manage anything we mother their might.,false,Asistente,3979,4892
Between south pressure. Fact specific unit foot above.,true,Organizador,833,4931
Leave sell fish. Table deal also indeed perhaps sister others.,false,Orador,4090,4901
South child him dinner listen PM improve group. Land forward late majority ahead.,true,Orador,3181,4888
Director represent partner lead head including consider almost. Far standard budget piece new whom.,true,Facilitador,3240,4876
Security father remain learn travel about seek. Process police my next. Try deep him two.,true,Orador,2900,4857
Over item while remain citizen space law out.,true,Panelista,1826,4920
Evening shoulder discuss pay wrong. Every all director.\
Whose deal manage.,true,Facilitador,225,4917
Only alone perform president. What something about worker though.,true,Orador,3502,4855
Book military over.,false,Presentador,1995,4870
Term really realize per call. Write company enjoy.,false,Orador,1787,4966
Unit there quality mean serious rule. Blue Mrs a let.,true,Facilitador,430,4916
Only detail from tax degree senior off. Hour charge business trade.,true,Facilitador,3308,4897
Second thank try. Shake turn name forward.,false,Patrocinador,4362,4922
Always at push relate population. Media Republican prevent.,false,Organizador,511,4895
Upon management role own. Cell weight suffer pass year. American store have relate.,true,Organizador,2467,4884
Many onto since form believe upon. Participant firm debate often.,false,Asistente,701,4959
Drive road what realize mention. South a seat. Type stage media young reach.,false,Facilitador,2435,4921
Trade any apply right dream. Guess financial lose.,true,Panelista,2168,4905
Nature near career wife stand. Even eye leg task table some. Modern sit lot bed.,true,Orador,3284,4890
Term specific remember might probably situation mother. School thought science of turn.,false,Voluntario,3717,4895
School late Democrat war series course last. Score money one.,true,Patrocinador,393,4968
Crime who forward tend follow represent board. Size well build feel. Police address since while.,false,Presentador,3909,4870
End commercial class camera.\
Kitchen the the voice. Each control month think fish maintain.,true,Expositor,839,4907
Yes today artist may. Wonder here family official. True health fly majority agent contain.,false,Orador,98,4911
Remember work evidence dog someone thought change. Make last friend risk benefit old budget.,true,Patrocinador,452,4965
Result side blue together wide model. Able sort couple simply. Start least machine action.,true,Asistente,3747,4962
Too arm act. Between yes age maintain join. Behavior improve general them address test knowledge.,false,Facilitador,1178,4961
Dream audience method matter TV voice respond.,false,Asistente,801,4902
Source involve far return through. Deal employee movie. Trip north reduce people.,true,Asistente,99,4864
Message know today choose four his dog. Seven voice money something seek family.,false,Asistente,2059,4923
Talk floor resource challenge see. Natural woman garden some measure friend development.,true,Patrocinador,1101,4936
Through floor eat indicate animal Republican. Exactly financial raise move long mind.,false,Presentador,2496,4866
Deep north lose address federal role. Place responsibility case prepare.,true,Presentador,4368,4963
Loss admit mission side black present.,true,Voluntario,3253,4947
Scene positive tell claim person run. Last add bar discussion. Describe of everyone community.,false,Panelista,2568,4856
Trade could think second together also type bring.,true,Expositor,2180,4856
Agent score less data.,false,Presentador,4155,4959
The commercial turn while girl. Mouth ball radio condition use trial.,true,Moderador,4024,4903
Value end how see house individual change. Always half action prepare eye.,false,Asistente,2896,4912
Join room provide.,true,Patrocinador,4148,4926
Describe small rest. Paper over lead poor national although now.,true,Voluntario,4456,4898
Word prove site yourself instead now. News where miss they.,true,Presentador,136,4855
How fall perform may family laugh. Factor what represent seek across what. Occur write itself walk.,false,Orador,220,4943
Big group deep economic half spring happen. Rich should on memory record yes staff oil.,true,Organizador,3483,4935
Pattern score yes report stand.\
Power mouth but. Live then staff choose age.,true,Panelista,3185,4889
Against partner measure.,true,Organizador,762,4890
Hope tax approach public management ok specific. Defense significant woman.,true,Panelista,3165,4857
Remember take central reveal expert generation somebody.,false,Moderador,2693,4904
Mind laugh art instead play. Hear know front maybe health.,true,Moderador,199,4928
Value where degree green physical reduce red rich. Citizen other set.,true,Patrocinador,431,4906
Perform long write understand picture. Down then understand. Statement country anyone.,false,Moderador,1263,4960
Summer open middle. Environment necessary point.,true,Panelista,4454,4893
Democratic if choice key. Front stuff crime hand contain experience. As write avoid visit bit.,true,Expositor,3399,4850
Agree inside most choose.\
While determine thought huge fill necessary bring.,false,Facilitador,1523,4877
Shoulder add this. Certainly late move firm anything probably.,true,Facilitador,2367,4860
Spend sign training read. Answer north onto picture coach not fine.,false,Patrocinador,1492,4915
Say present none bar. Painting couple thank performance rule third when.,true,Voluntario,452,4921
Space yourself guess generation time officer politics.,false,Facilitador,1479,4897
Every full film everybody increase player. Catch range event raise.,true,Voluntario,1142,4936
