nombre,apellido,edad,genero,fechaRegistro
Brian,Miller,22,Femenino,2013-11-09
Joseph,Roberson,27,Femenino,2001-04-19
Nicholas,Hart,50,Masculino,2011-08-06
Melissa,Moore,20,Femenino,2011-06-22
Ann,Miles,58,Femenino,2005-07-28
Aaron,Graham,22,Masculino,2002-12-24
Natalie,Gray,33,Femenino,2000-03-22
Leslie,West,58,No especificado,2001-06-29
Christopher,Thomas,47,Masculino,2000-09-20
Kelly,Jordan,16,Femenino,2016-03-23
Joseph,Monroe,27,No especificado,2010-05-19
Matthew,Solis,64,Masculino,2007-01-14
Lori,Fowler,16,Femenino,2019-03-21
Lisa,Stewart,73,Masculino,2013-07-20
Patricia,Lucas,21,Masculino,2014-10-12
Gail,Little,34,Masculino,2022-09-06
Candace,Bass,18,Femenino,2017-09-17
Elizabeth,Brooks,71,No especificado,2001-01-30
Melanie,Brewer,77,Femenino,2002-10-23
Robin,Barrett,76,Masculino,2005-10-15
Matthew,Spencer,55,Femenino,2002-06-29
Jennifer,Hughes,77,Masculino,2011-06-08
Allen,Willis,56,Masculino,2021-05-18
Michael,Kemp,66,No especificado,2007-10-18
Richard,Mason,71,No especificado,2002-01-12
Danielle,Braun,78,No especificado,2021-06-08
Jennifer,Stephens,69,Femenino,2006-01-16
Eric,Herrera,20,No especificado,2012-11-17
Karen,Williams,39,No especificado,2004-08-01
Stephen,Smith,26,Femenino,2011-12-24
Gail,Blevins,49,Masculino,2021-07-31
Robert,Rodriguez,58,Femenino,2002-02-17
William,Mann,66,Masculino,2002-10-27
Ryan,Smith,74,Femenino,2018-03-25
Nicholas,Payne,59,Masculino,2021-08-10
Richard,Galloway,40,No especificado,2008-12-06
Stephanie,Johnson,27,No especificado,2019-02-09
Matthew,Bailey,62,Masculino,2021-09-29
Cynthia,Martin,61,Masculino,2014-04-04
Caleb,Kane,67,No especificado,2004-11-24
Nathan,Young,80,No especificado,2002-09-01
Mallory,Burton,23,No especificado,2017-08-25
Paul,Torres,52,Femenino,2022-04-26
Kelsey,Carter,45,No especificado,2013-03-30
Miguel,Nichols,77,Masculino,2011-06-29
Zachary,Soto,35,No especificado,2020-01-19
Paul,Brown,72,Femenino,2004-08-17
Shawn,Smith,75,Masculino,2015-04-20
Monica,Singh,17,Masculino,2024-03-11
Elizabeth,Torres,74,Masculino,2000-12-17
Eric,Nguyen,18,Femenino,2017-08-02
Xavier,Taylor,61,No especificado,2017-01-06
Daniel,Barber,50,Femenino,2007-08-27
Patricia,Peterson,69,Masculino,2009-03-31
Sarah,Sanchez,29,No especificado,2010-12-16
Joseph,Williams,24,No especificado,2017-01-11
Christopher,Gonzalez,61,No especificado,2006-10-15
Katherine,Vance,27,Masculino,2000-08-01
James,Cunningham,71,Masculino,2002-11-23
Carol,Miller,64,Masculino,2018-11-13
Amanda,Noble,67,Masculino,2018-03-05
Derek,Winters,57,Femenino,2016-09-30
Jessica,Waters,76,Masculino,2008-09-27
Jennifer,Clayton,58,Femenino,2016-07-16
Matthew,Rocha,60,Masculino,2017-01-20
Sara,Lynch,36,Femenino,2000-03-15
Rachel,Gibbs,24,No especificado,2020-09-22
Tara,Cooper,34,Femenino,2019-11-22
David,Williams,46,No especificado,2015-09-05
Michael,Caldwell,26,No especificado,2014-04-26
Leslie,Robinson,23,No especificado,2015-04-12
Matthew,Molina,65,No especificado,2006-02-23
Patrick,Shaffer,55,Masculino,2014-02-10
Nicholas,Baker,53,Femenino,2005-12-13
Melissa,Bennett,63,Masculino,2002-05-09
Sandra,Martinez,59,No especificado,2009-01-11
Wesley,Jacobs,31,No especificado,2001-11-13
Sheryl,Williams,37,No especificado,2013-03-20
Kenneth,Owens,65,Femenino,2024-01-13
Mark,Lucas,23,No especificado,2009-01-17
Mary,Hart,33,Femenino,2011-09-15
John,Vaughn,18,Femenino,2017-01-17
Bailey,Leblanc,73,No especificado,2011-06-22
Stephanie,White,73,Femenino,2000-09-04
Ronnie,Crawford,70,Masculino,2004-06-27
Thomas,Williams,36,No especificado,2018-06-09
Donald,Harrell,57,No especificado,2007-07-07
Carla,Johnson,33,Femenino,2017-02-24
Rachel,Clay,80,Masculino,2009-10-27
Janice,Santana,63,Masculino,2000-06-22
Malik,Hughes,59,Masculino,2023-05-30
Pam,Savage,50,No especificado,2009-09-13
Gary,Perry,47,Masculino,2014-06-17
Bradley,Smith,57,Femenino,2022-12-04
Fred,Williams,66,Masculino,2017-11-08
Gabriel,Doyle,80,Masculino,2018-01-27
Mary,Turner,41,No especificado,2015-11-26
Jeffrey,Rose,41,Masculino,2003-07-06
Scott,Gardner,40,Femenino,2009-07-03
Lindsay,Meyer,45,Masculino,2002-04-22
Cynthia,Long,56,Masculino,2015-04-06
Daniel,Hudson,59,No especificado,2022-04-03
Ryan,Kelly,33,No especificado,2016-10-12
Dennis,Spears,33,Femenino,2008-03-17
Teresa,Sanchez,79,No especificado,2007-01-31
Charles,Ho,66,Masculino,2000-05-16
Robert,Morris,48,No especificado,2001-01-07
Bobby,David,78,Femenino,2014-10-28
Holly,Ho,66,Masculino,2010-05-08
Daniel,Lambert,80,Masculino,2011-01-19
Jason,Johnson,16,No especificado,2012-04-19
Kristi,Owens,79,Femenino,2014-02-04
Jeffrey,Bates,31,No especificado,2014-10-15
Peter,Lopez,22,Femenino,2002-08-15
Tonya,Crawford,74,Femenino,2001-06-13
Justin,Alvarez,69,Femenino,2003-08-20
David,Stevens,61,Masculino,2012-01-03
Andrea,Smith,73,Femenino,2017-09-21
Michael,Cox,40,Masculino,2013-04-16
Sharon,Rodriguez,64,Masculino,2003-03-24
Brittany,Nguyen,69,Femenino,2002-10-25
Kimberly,Harris,80,Femenino,2013-01-27
Hector,Martinez,38,No especificado,2016-03-02
Donald,Roy,64,Femenino,2005-07-13
Kristina,Miller,24,Femenino,2001-02-05
Corey,Robinson,31,Femenino,2014-08-21
Sharon,Stanley,80,No especificado,2002-01-10
Brian,Wilson,57,Masculino,2023-09-02
Christopher,Barnett,64,Masculino,2012-03-18
Scott,Burnett,65,Femenino,2007-01-08
Lisa,Young,29,Femenino,2014-09-04
Matthew,Thomas,57,Masculino,2022-12-23
Albert,Murphy,73,Femenino,2013-08-19
Michael,Perez,72,No especificado,2002-01-26
Brian,Brown,60,Masculino,2008-06-29
Keith,Martinez,74,No especificado,2000-01-10
Kristen,Jacobs,51,Femenino,2021-10-20
Michele,Castaneda,22,Masculino,2008-12-15
Sabrina,Bray,31,Masculino,2018-11-21
Michael,Garrett,70,No especificado,2014-03-08
Nancy,Morrison,79,No especificado,2011-11-26
Lawrence,Skinner,32,Femenino,2011-12-05
William,Smith,21,Femenino,2010-01-03
Christopher,Ball,34,Femenino,2020-10-02
Mark,Dalton,63,Masculino,2020-04-15
Sue,Ferguson,20,Femenino,2013-07-30
Cynthia,Jones,80,No especificado,2006-12-26
Jennifer,Simmons,52,No especificado,2016-05-11
Justin,Zamora,17,Femenino,2018-07-14
Frank,Johnson,65,Masculino,2001-01-21
Kathy,Santana,24,Femenino,2022-11-18
Evan,Lee,52,Masculino,2006-04-05
Craig,Cooke,69,Femenino,2020-07-28
Craig,Martinez,70,Masculino,2002-07-03
Michael,Melendez,17,Femenino,2012-04-15
David,Jenkins,37,Masculino,2021-02-17
Jordan,Sparks,21,Femenino,2004-01-23
Elizabeth,Martinez,37,No especificado,2011-03-22
Justin,Owen,40,Femenino,2022-05-21
Kyle,Frye,79,Femenino,2000-03-07
Clayton,Wilson,44,Femenino,2003-06-08
Sarah,Alexander,27,Masculino,2013-03-18
Lisa,Dyer,72,No especificado,2012-03-16
Sherry,White,51,Masculino,2004-07-02
Paul,Perry,24,No especificado,2008-03-01
Ruth,Aguirre,66,Femenino,2004-05-30
Leah,Miller,73,Masculino,2018-03-29
Joseph,Jackson,23,No especificado,2013-04-10
Maria,Brown,71,No especificado,2000-10-23
David,Carroll,71,No especificado,2009-01-20
Ashley,Little,61,Masculino,2018-06-30
Jennifer,Golden,79,Masculino,2010-08-06
Carla,Mueller,40,Masculino,2011-07-05
Victoria,Wade,46,Masculino,2010-06-26
Justin,Woodward,47,Masculino,2014-07-12
Jason,Williams,25,Femenino,2002-03-27
Michelle,Owen,19,Masculino,2005-03-28
George,Williams,68,No especificado,2007-07-26
Priscilla,Brown,57,No especificado,2019-09-04
Tammy,Morales,19,Masculino,2014-10-07
Jennifer,Mcmillan,47,No especificado,2002-07-16
Shirley,Huffman,71,No especificado,2003-01-19
Scott,Mcmillan,53,Masculino,2010-08-06
Jacqueline,Clark,54,Masculino,2001-03-18
Eric,Schneider,52,No especificado,2003-05-10
Tiffany,Williams,57,Masculino,2014-01-04
Laura,Andrade,19,No especificado,2020-12-07
Patrick,Stanley,62,Masculino,2021-11-15
Diane,Mccann,75,Masculino,2022-05-23
Erin,Miller,69,Masculino,2007-05-08
Edwin,Pratt,71,Femenino,2004-08-16
Kimberly,Stanley,40,Femenino,2010-04-10
Michael,Fisher,25,Femenino,2008-12-14
Justin,Richard,21,Femenino,2018-02-25
Allison,Guerrero,33,Femenino,2018-09-14
Christopher,Bond,29,Masculino,2000-01-30
Pamela,Munoz,31,Femenino,2004-11-24
April,Carlson,61,No especificado,2022-08-03
Caroline,Gibson,18,Femenino,2022-04-18
John,Lindsey,61,Femenino,2018-10-03
Timothy,Watson,62,Masculino,2015-11-01
Nathaniel,Singh,65,Masculino,2018-04-28
Kathryn,Cuevas,29,No especificado,2022-03-11
Kristi,Morgan,28,No especificado,2005-10-03
Bernard,Williams,57,No especificado,2003-04-18
Travis,Watson,26,No especificado,2014-05-03
Elizabeth,Strong,42,Femenino,2022-05-13
Christine,Hall,39,Femenino,2013-01-20
Theresa,Hunter,32,Femenino,2024-04-02
Cory,Zuniga,33,Masculino,2017-11-19
Katelyn,Hobbs,36,Masculino,2017-11-14
Tyler,Stewart,58,Masculino,2020-07-29
Crystal,Butler,28,Masculino,2022-01-25
Tara,Morgan,44,Femenino,2016-05-12
Gregory,Garcia,71,Masculino,2024-04-01
Mary,Vazquez,67,Masculino,2024-03-13
Kim,Wood,23,Masculino,2001-05-18
Donald,Aguirre,30,Femenino,2005-09-09
Gina,Ross,27,Masculino,2006-01-31
Kelsey,Gilmore,21,Femenino,2017-04-22
Stephanie,White,72,Masculino,2016-07-13
Vincent,Smith,46,Masculino,2005-04-19
Joshua,Benitez,71,Femenino,2017-03-07
Danielle,Walker,34,Masculino,2014-07-11
Julie,Koch,17,Femenino,2013-06-26
Lucas,Little,57,No especificado,2014-03-03
Heidi,Baird,67,Femenino,2015-02-01
Steven,Rodriguez,45,Masculino,2011-12-31
Michael,Osborne,23,No especificado,2023-10-30
Amy,Nunez,24,Masculino,2019-02-15
Thomas,Mack,47,Femenino,2020-01-10
Heather,Wade,46,Masculino,2001-02-09
Jack,Valdez,16,No especificado,2006-11-19
Lisa,Copeland,49,Femenino,2014-08-01
Danielle,Smith,63,Femenino,2022-01-30
Sarah,Adams,32,Femenino,2012-02-16
Amy,Craig,20,No especificado,2011-10-09
Jamie,Williams,53,Femenino,2018-12-31
David,Holmes,56,No especificado,2020-05-30
Todd,Fisher,16,Femenino,2023-12-18
Victor,Lindsey,80,Masculino,2006-03-29
Michael,Murphy,53,Masculino,2014-02-09
Jillian,Wilson,64,No especificado,2002-06-29
Michael,Hurley,39,No especificado,2003-06-27
James,Davis,57,Femenino,2004-02-13
Micheal,Lee,29,No especificado,2002-03-23
Robert,Brewer,41,Femenino,2015-04-05
Sarah,Kim,25,Masculino,2015-03-22
Jennifer,Perry,42,No especificado,2003-03-13
Sharon,Arroyo,61,Femenino,2013-05-10
Nicholas,Richard,77,Femenino,2011-04-23
Micheal,Brown,36,Femenino,2020-08-10
Jacob,Johnson,19,Femenino,2013-05-01
Vincent,Johnson,19,No especificado,2006-12-17
Linda,Stewart,36,Masculino,2009-10-07
Edward,Jacobs,62,Masculino,2012-04-09
Jeremy,Webster,28,Masculino,2001-03-04
Christina,Roberson,28,Femenino,2007-01-28
Mark,Graves,31,Masculino,2018-12-27
Jeffrey,Collins,62,Masculino,2005-07-14
James,Olson,48,Femenino,2011-04-04
Thomas,Griffin,32,Femenino,2009-03-05
Samuel,Mcintyre,68,Masculino,2002-09-12
Denise,Cline,49,No especificado,2003-05-09
Rebecca,Bishop,31,No especificado,2010-12-16
Patrick,Elliott,31,Femenino,2018-01-17
David,Schroeder,52,No especificado,2005-06-23
Heather,Tyler,55,Femenino,2015-02-10
Erica,Nelson,46,Masculino,2007-12-31
Kimberly,Thompson,27,Masculino,2017-09-13
John,Terry,28,Femenino,2002-10-27
Brandy,Kelley,65,Femenino,2012-07-12
Steven,Chen,39,Masculino,2004-08-03
Vanessa,Cooper,65,Masculino,2020-01-02
David,Oconnell,69,Masculino,2010-05-09
Robert,Martin,46,Masculino,2009-02-15
Christina,Austin,69,Masculino,2006-09-04
Kenneth,Chapman,26,Masculino,2001-09-03
Karen,Parker,50,Femenino,2006-07-11
Cheryl,Johnson,37,Femenino,2005-05-23
Kelsey,Dean,55,Masculino,2005-06-27
Mark,Garcia,19,Masculino,2001-05-28
Michael,Miller,66,Femenino,2015-09-18
Ryan,Davis,22,No especificado,2018-12-04
Alexandria,Obrien,40,Femenino,2008-01-24
Destiny,Perry,55,No especificado,2005-04-19
John,Parker,59,Masculino,2015-05-01
Kathy,Perkins,34,Femenino,2013-08-08
Susan,Gilbert,52,Masculino,2010-07-30
Ryan,Swanson,70,Masculino,2005-06-07
Robin,Thomas,79,Masculino,2007-10-14
Kevin,Powers,70,Masculino,2015-01-03
William,Mayo,35,Masculino,2019-12-28
Jacqueline,Conner,22,No especificado,2005-05-28
Alyssa,Hall,44,Masculino,2004-01-15
Cody,Fuller,73,No especificado,2023-11-05
Allen,Ball,40,Femenino,2021-05-02
Sara,Sullivan,71,No especificado,2018-10-19
Dana,Hall,62,Masculino,2021-02-09
Ryan,Robbins,43,Masculino,2002-08-27
Krystal,King,72,Masculino,2010-02-08
Joseph,Sanford,55,No especificado,2021-01-01
James,Lee,19,Masculino,2022-06-18
Jennifer,Davis,20,Masculino,2017-06-14
Kevin,Freeman,28,No especificado,2006-04-24
Steven,Wagner,22,Femenino,2014-11-02
Amy,Davis,76,No especificado,2015-05-05
Dana,Thomas,65,Femenino,2011-05-15
David,Burnett,39,No especificado,2015-12-01
Melissa,Wilson,67,Femenino,2016-11-04
Timothy,Bell,29,Masculino,2004-03-26
Jerry,Howard,21,Masculino,2023-11-22
Jonathan,Andrews,35,No especificado,2003-02-20
Dale,Schneider,33,No especificado,2011-10-19
Neil,Cole,54,Femenino,2013-03-07
Edward,Allen,69,No especificado,2022-01-26
Emma,Clark,49,Femenino,2015-06-02
Katelyn,Cabrera,68,Masculino,2022-12-22
Amy,Doyle,27,Masculino,2014-07-28
Nathan,Martin,34,No especificado,2019-07-01
Michael,Beard,28,Femenino,2013-06-16
Amanda,Reynolds,47,No especificado,2022-03-12
Adam,Morse,77,Masculino,2016-02-26
Jeremiah,Harper,63,Femenino,2005-04-07
Sydney,Cooper,75,Femenino,2024-04-08
Cheryl,Montes,52,No especificado,2000-02-16
Denise,Rogers,59,Masculino,2022-09-24
Brian,Johnson,37,Masculino,2004-07-14
Linda,White,63,Masculino,2006-03-15
Elizabeth,Valdez,28,Femenino,2005-06-01
John,Martinez,63,Femenino,2021-12-03
Joshua,Morales,38,Masculino,2016-02-21
Brian,Elliott,25,Masculino,2008-10-31
Terri,Benson,65,Masculino,2011-01-22
Laura,Jones,80,No especificado,2014-11-28
Yvonne,Turner,28,Femenino,2003-02-20
Rebekah,Jackson,45,No especificado,2014-03-15
Joshua,Cannon,79,Femenino,2018-06-28
Julia,Harvey,56,No especificado,2001-11-19
John,Marshall,69,No especificado,2014-07-25
Jeremy,Holmes,50,Femenino,2001-05-21
Regina,Howell,77,Masculino,2021-02-26
Rita,Brooks,46,Masculino,2004-06-19
Stacie,Walker,22,No especificado,2023-06-06
Susan,Jones,34,Femenino,2018-04-20
William,Medina,21,Masculino,2016-11-22
Kelly,Randolph,34,No especificado,2011-01-13
Lauren,Shaffer,37,No especificado,2022-01-28
James,Dean,67,No especificado,2006-07-19
Austin,Byrd,38,No especificado,2006-08-07
Connie,Evans,47,No especificado,2016-01-03
Justin,Ryan,39,Femenino,2013-04-22
Malik,Wright,80,No especificado,2002-08-14
Stephanie,Schultz,16,Femenino,2012-05-30
Daniel,Kim,35,Femenino,2001-11-29
Jennifer,Smith,60,No especificado,2020-11-22
Katherine,Cunningham,80,No especificado,2022-01-19
Cindy,Moses,72,Masculino,2011-07-15
Diana,Jackson,24,Femenino,2006-08-31
Madison,Ponce,76,Femenino,2010-04-25
Dawn,Sanchez,56,Masculino,2020-01-07
Connie,Harris,70,Femenino,2011-04-01
Juan,Olson,27,Femenino,2023-11-12
Katie,Scott,72,Femenino,2021-04-21
Todd,Hicks,17,Masculino,2012-06-28
Eric,Crawford,20,No especificado,2002-03-17
Debbie,Thomas,61,Femenino,2014-10-18
Joy,Estrada,57,Masculino,2013-05-20
Erin,Schneider,76,No especificado,2007-02-12
Mark,Clark,59,No especificado,2007-10-07
George,Mendez,45,Masculino,2008-12-01
John,Taylor,39,Masculino,2019-10-24
Willie,Gray,73,Masculino,2006-06-23
Samantha,Brown,76,Femenino,2021-07-19
Brittany,Mccarthy,17,Femenino,2007-09-22
Stephanie,Barnett,32,Femenino,2008-05-26
Brian,Jimenez,61,No especificado,2011-06-26
James,Myers,55,No especificado,2019-02-18
Sydney,Brown,25,Femenino,2010-07-31
Deborah,James,42,Masculino,2023-07-31
Herbert,Johnston,31,No especificado,2005-12-11
Mark,Howard,32,No especificado,2019-11-14
Brandy,Johnson,17,No especificado,2014-11-19
Danielle,Waters,78,No especificado,2003-09-27
Andrew,Smith,69,Femenino,2023-08-24
Brian,Brown,79,Masculino,2003-03-31
David,Holland,40,Masculino,2008-09-10
John,Walton,60,Masculino,2015-01-19
Andrew,Jones,58,No especificado,2007-05-25
Thomas,Tran,69,No especificado,2023-07-23
Fred,Mckay,78,Masculino,2016-04-16
Beverly,Santiago,66,Masculino,2008-02-04
Danny,Rodriguez,61,No especificado,2002-02-28
Donna,Bell,64,Masculino,2022-06-29
Nancy,Thomas,41,Femenino,2015-05-08
Breanna,Hall,27,No especificado,2018-11-28
Donald,Walker,31,Femenino,2005-07-31
Christopher,Waller,38,Masculino,2021-03-26
Kirk,Allen,26,Masculino,2000-02-21
Erin,Watson,70,No especificado,2012-05-05
Tara,Wilson,73,No especificado,2017-06-28
Sally,Smith,71,Femenino,2002-02-27
Jacqueline,Erickson,21,Femenino,2002-09-07
Kelsey,Holt,22,Masculino,2022-03-02
Laura,Sanders,54,No especificado,2012-07-06
Melissa,Rocha,66,Femenino,2021-01-12
Jason,Kim,58,Femenino,2001-04-26
Charles,Tate,60,Masculino,2003-09-03
Craig,Wells,58,No especificado,2006-09-13
Alexandra,Lyons,39,Masculino,2000-05-10
Samantha,Hardy,19,Femenino,2006-12-06
Suzanne,Luna,66,No especificado,2005-03-12
David,Hale,57,Masculino,2019-04-18
Frank,Harrell,42,Femenino,2021-10-23
Heather,Wyatt,56,No especificado,2002-02-21
Sarah,Shields,52,Masculino,2000-08-14
Michelle,Hill,56,No especificado,2017-01-21
Chris,Jenkins,76,Femenino,2022-09-04
Steven,Martinez,44,No especificado,2015-10-22
Elizabeth,Logan,20,No especificado,2021-02-21
Robin,Livingston,76,Masculino,2020-12-27
Kyle,Yang,42,Femenino,2011-01-24
Nicole,Chen,46,No especificado,2019-07-28
Shelley,Jackson,76,No especificado,2007-08-18
Kristen,Gibson,44,Femenino,2002-06-13
Clayton,Hutchinson,36,Masculino,2008-06-09
Sean,Young,75,Femenino,2013-03-30
Kyle,Herrera,58,Femenino,2018-02-25
Janet,Campbell,73,Femenino,2018-09-21
Brittany,Quinn,50,Femenino,2017-12-15
Daniel,Vega,53,Masculino,2004-09-20
Timothy,Patterson,66,Femenino,2022-11-01
Traci,Sharp,28,No especificado,2004-02-17
Michelle,Hill,57,Femenino,2008-06-07
Christopher,Salazar,32,Masculino,2019-11-15
Sarah,Morgan,23,Masculino,2010-09-30
Sara,Kim,69,No especificado,2002-09-08
John,Spence,72,No especificado,2019-04-16
Kara,Eaton,50,No especificado,2013-05-20
Nathan,Barton,46,Femenino,2021-06-20
Austin,Boyer,38,No especificado,2007-08-08
Kelly,Santiago,46,No especificado,2007-04-29
Stephen,Clark,69,No especificado,2023-02-08
Gary,Hancock,26,No especificado,2010-03-24
David,Lopez,65,No especificado,2002-10-02
Richard,Short,24,Femenino,2014-03-22
Stephanie,Olsen,75,No especificado,2005-05-27
Alan,Gordon,33,Masculino,2000-04-05
Michele,Walker,60,No especificado,2014-10-30
George,Phillips,32,Masculino,2010-03-09
Kayla,Norman,54,Femenino,2008-01-12
Tiffany,Stephenson,35,Masculino,2007-09-04
Aaron,Williams,74,Femenino,2009-12-23
Megan,Thomas,45,No especificado,2014-05-27
Patricia,Reese,41,Femenino,2019-07-17
Caleb,Hubbard,40,No especificado,2005-09-23
Andrew,Arnold,22,Femenino,2004-03-07
Dustin,Estes,40,No especificado,2018-11-01
Melissa,Stark,73,Masculino,2017-08-18
Adam,Suarez,39,Masculino,2008-03-29
Steven,Mendoza,58,No especificado,2017-12-02
William,White,36,Femenino,2014-05-07
Monique,Davis,21,Masculino,2023-08-02
Tiffany,Jacobs,47,Masculino,2007-03-26
Patricia,Reyes,60,Masculino,2021-06-25
Matthew,Gordon,26,Masculino,2000-08-23
Amanda,Thompson,75,Femenino,2009-12-10
Kristi,Porter,38,Masculino,2013-09-10
Melanie,Edwards,22,No especificado,2016-11-29
Kristen,Woodard,46,No especificado,2015-08-25
Jennifer,Hood,29,Femenino,2003-10-25
Kayla,Lang,35,Masculino,2016-01-20
Jacqueline,Beard,55,Masculino,2006-12-18
Nathan,Bowen,73,Masculino,2006-11-30
Kenneth,Huber,63,No especificado,2022-06-21
Ricky,Hubbard,67,Masculino,2024-01-09
Lori,Harper,78,Femenino,2016-04-05
Shawn,Clark,71,Femenino,2012-12-24
David,Arnold,36,No especificado,2012-10-23
Michael,Valdez,34,Masculino,2006-09-22
Bradley,Fox,45,Femenino,2021-10-29
Melissa,Rowe,72,No especificado,2006-11-06
Glenn,Gutierrez,34,No especificado,2022-06-02
Julie,Lopez,41,Masculino,2003-07-04
Adam,Hansen,37,Masculino,2014-10-20
Elizabeth,Smith,79,No especificado,2022-09-09
Philip,Maddox,31,Masculino,2022-02-10
Autumn,Bailey,54,No especificado,2010-07-24
Stephanie,Travis,38,No especificado,2016-10-27
Paul,Brandt,18,Femenino,2006-02-27
Sherri,Stark,67,Masculino,2022-11-11
Christopher,Clark,45,No especificado,2001-10-30
Jacqueline,Davenport,71,No especificado,2013-11-01
Vickie,Lawson,25,Femenino,2003-06-07
Jeffrey,Alvarado,48,No especificado,2020-01-17
Karen,Duncan,54,Femenino,2010-06-28
Amanda,Meyer,46,Masculino,2018-09-07
Benjamin,Mitchell,42,Masculino,2013-03-29
Anthony,Brown,17,No especificado,2002-01-14
Michael,Miller,27,Femenino,2008-11-01
